{
  "0": {
    "id": 110000,
    "name": "北京市",
    "2022/05/23": 83,
    "2022/05/24": 41,
    "2022/05/25": 41,
    "2022/05/26": 36,
    "2022/05/27": 22,
    "2022/05/28": 18,
    "2022/05/29": 14,
    "2022/05/30": 8
  },
  "1": {
    "id": 120000,
    "name": "天津市",
    "2022/05/23": 32,
    "2022/05/24": 16,
    "2022/05/25": 7,
    "2022/05/26": 11,
    "2022/05/27": 7,
    "2022/05/28": 4,
    "2022/05/29": 7,
    "2022/05/30": 6
  },
  "2": {
    "id": 130000,
    "name": "河北省",
    "2022/05/23": 0,
    "2022/05/24": 0,
    "2022/05/25": 0,
    "2022/05/26": 0,
    "2022/05/27": 0,
    "2022/05/28": 0,
    "2022/05/29": 0,
    "2022/05/30": 0
  },
  "3": {
    "id": 140000,
    "name": "山西省",
    "2022/05/23": 0,
    "2022/05/24": 0,
    "2022/05/25": 0,
    "2022/05/26": 0,
    "2022/05/27": 0,
    "2022/05/28": 0,
    "2022/05/29": 0,
    "2022/05/30": 0
  },
  "4": {
    "id": 150000,
    "name": "内蒙古自治区",
    "2022/05/23": 0,
    "2022/05/24": 0,
    "2022/05/25": 0,
    "2022/05/26": 0,
    "2022/05/27": 0,
    "2022/05/28": 0,
    "2022/05/29": 0,
    "2022/05/30": 0
  },
  "5": {
    "id": 210000,
    "name": "辽宁省",
    "2022/05/23": 1,
    "2022/05/24": 1,
    "2022/05/25": 0,
    "2022/05/26": 0,
    "2022/05/27": 0,
    "2022/05/28": 0,
    "2022/05/29": 0,
    "2022/05/30": 0
  },
  "6": {
    "id": 220000,
    "name": "吉林省",
    "2022/05/23": 0,
    "2022/05/24": 1,
    "2022/05/25": 2,
    "2022/05/26": 0,
    "2022/05/27": 2,
    "2022/05/28": 3,
    "2022/05/29": 0,
    "2022/05/30": 0
  },
  "7": {
    "id": 230000,
    "name": "黑龙江省",
    "2022/05/23": 0,
    "2022/05/24": 0,
    "2022/05/25": 0,
    "2022/05/26": 0,
    "2022/05/27": 0,
    "2022/05/28": 0,
    "2022/05/29": 1,
    "2022/05/30": 0
  },
  "8": {
    "id": 310000,
    "name": "上海市",
    "2022/05/23": 55,
    "2022/05/24": 58,
    "2022/05/25": 44,
    "2022/05/26": 48,
    "2022/05/27": 45,
    "2022/05/28": 29,
    "2022/05/29": 32,
    "2022/05/30": 6
  },
  "9": {
    "id": 320000,
    "name": "江苏省",
    "2022/05/23": 0,
    "2022/05/24": 0,
    "2022/05/25": 1,
    "2022/05/26": 0,
    "2022/05/27": 1,
    "2022/05/28": 3,
    "2022/05/29": 1,
    "2022/05/30": 0
  },
  "10": {
    "id": 330000,
    "name": "浙江省",
    "2022/05/23": 0,
    "2022/05/24": 1,
    "2022/05/25": 0,
    "2022/05/26": 0,
    "2022/05/27": 0,
    "2022/05/28": 0,
    "2022/05/29": 0,
    "2022/05/30": 1
  },
  "11": {
    "id": 340000,
    "name": "安徽省",
    "2022/05/23": 0,
    "2022/05/24": 0,
    "2022/05/25": 0,
    "2022/05/26": 0,
    "2022/05/27": 0,
    "2022/05/28": 0,
    "2022/05/29": 0,
    "2022/05/30": 0
  },
  "12": {
    "id": 350000,
    "name": "福建省",
    "2022/05/23": 1,
    "2022/05/24": 0,
    "2022/05/25": 0,
    "2022/05/26": 0,
    "2022/05/27": 0,
    "2022/05/28": 0,
    "2022/05/29": 15,
    "2022/05/30": 4
  },
  "13": {
    "id": 360000,
    "name": "江西省",
    "2022/05/23": 0,
    "2022/05/24": 0,
    "2022/05/25": 0,
    "2022/05/26": 0,
    "2022/05/27": 0,
    "2022/05/28": 0,
    "2022/05/29": 0,
    "2022/05/30": 0
  },
  "14": {
    "id": 370000,
    "name": "山东省",
    "2022/05/23": 0,
    "2022/05/24": 0,
    "2022/05/25": 0,
    "2022/05/26": 0,
    "2022/05/27": 0,
    "2022/05/28": 0,
    "2022/05/29": 0,
    "2022/05/30": 0
  },
  "15": {
    "id": 410000,
    "name": "河南省",
    "2022/05/23": 0,
    "2022/05/24": 0,
    "2022/05/25": 2,
    "2022/05/26": 9,
    "2022/05/27": 0,
    "2022/05/28": 4,
    "2022/05/29": 2,
    "2022/05/30": 0
  },
  "16": {
    "id": 420000,
    "name": "湖北省",
    "2022/05/23": 0,
    "2022/05/24": 0,
    "2022/05/25": 0,
    "2022/05/26": 0,
    "2022/05/27": 0,
    "2022/05/28": 0,
    "2022/05/29": 1,
    "2022/05/30": 0
  },
  "17": {
    "id": 430000,
    "name": "湖南省",
    "2022/05/23": 0,
    "2022/05/24": 0,
    "2022/05/25": 0,
    "2022/05/26": 0,
    "2022/05/27": 0,
    "2022/05/28": 0,
    "2022/05/29": 0,
    "2022/05/30": 0
  },
  "18": {
    "id": 440000,
    "name": "广东省",
    "2022/05/23": 0,
    "2022/05/24": 0,
    "2022/05/25": 0,
    "2022/05/26": 0,
    "2022/05/27": 0,
    "2022/05/28": 0,
    "2022/05/29": 1,
    "2022/05/30": 4
  },
  "19": {
    "id": 450000,
    "name": "广西壮族自治区",
    "2022/05/23": 0,
    "2022/05/24": 0,
    "2022/05/25": 0,
    "2022/05/26": 0,
    "2022/05/27": 0,
    "2022/05/28": 0,
    "2022/05/29": 1,
    "2022/05/30": 2
  },
  "20": {
    "id": 460000,
    "name": "海南省",
    "2022/05/23": 0,
    "2022/05/24": 0,
    "2022/05/25": 0,
    "2022/05/26": 0,
    "2022/05/27": 0,
    "2022/05/28": 0,
    "2022/05/29": 0,
    "2022/05/30": 0
  },
  "21": {
    "id": 500000,
    "name": "重庆市",
    "2022/05/23": 0,
    "2022/05/24": 0,
    "2022/05/25": 0,
    "2022/05/26": 0,
    "2022/05/27": 0,
    "2022/05/28": 0,
    "2022/05/29": 0,
    "2022/05/30": 0
  },
  "22": {
    "id": 510000,
    "name": "四川省",
    "2022/05/23": 2,
    "2022/05/24": 19,
    "2022/05/25": 4,
    "2022/05/26": 0,
    "2022/05/27": 2,
    "2022/05/28": 1,
    "2022/05/29": 7,
    "2022/05/30": 1
  },
  "23": {
    "id": 520000,
    "name": "贵州省",
    "2022/05/23": 0,
    "2022/05/24": 0,
    "2022/05/25": 0,
    "2022/05/26": 0,
    "2022/05/27": 0,
    "2022/05/28": 0,
    "2022/05/29": 0,
    "2022/05/30": 0
  },
  "24": {
    "id": 530000,
    "name": "云南省",
    "2022/05/23": 0,
    "2022/05/24": 0,
    "2022/05/25": 0,
    "2022/05/26": 0,
    "2022/05/27": 1,
    "2022/05/28": 0,
    "2022/05/29": 0,
    "2022/05/30": 2
  },
  "25": {
    "id": 540000,
    "name": "西藏自治区",
    "2022/05/23": 0,
    "2022/05/24": 0,
    "2022/05/25": 0,
    "2022/05/26": 0,
    "2022/05/27": 0,
    "2022/05/28": 0,
    "2022/05/29": 0,
    "2022/05/30": 0
  },
  "26": {
    "id": 610000,
    "name": "陕西省",
    "2022/05/23": 0,
    "2022/05/24": 4,
    "2022/05/25": 0,
    "2022/05/26": 0,
    "2022/05/27": 0,
    "2022/05/28": 0,
    "2022/05/29": 0,
    "2022/05/30": 0
  },
  "27": {
    "id": 620000,
    "name": "甘肃省",
    "2022/05/23": 0,
    "2022/05/24": 0,
    "2022/05/25": 0,
    "2022/05/26": 0,
    "2022/05/27": 0,
    "2022/05/28": 0,
    "2022/05/29": 0,
    "2022/05/30": 0
  },
  "28": {
    "id": 630000,
    "name": "青海省",
    "2022/05/23": 0,
    "2022/05/24": 0,
    "2022/05/25": 0,
    "2022/05/26": 0,
    "2022/05/27": 0,
    "2022/05/28": 0,
    "2022/05/29": 0,
    "2022/05/30": 0
  },
  "29": {
    "id": 640000,
    "name": "宁夏回族自治区",
    "2022/05/23": 0,
    "2022/05/24": 0,
    "2022/05/25": 0,
    "2022/05/26": 0,
    "2022/05/27": 0,
    "2022/05/28": 0,
    "2022/05/29": 0,
    "2022/05/30": 0
  },
  "30": {
    "id": 650000,
    "name": "新疆维吾尔自治区",
    "2022/05/23": 0,
    "2022/05/24": 0,
    "2022/05/25": 0,
    "2022/05/26": 0,
    "2022/05/27": 0,
    "2022/05/28": 0,
    "2022/05/29": 0,
    "2022/05/30": 0
  },
  "31": {
    "id": 710000,
    "name": "台湾",
    "2022/05/23": 79474,
    "2022/05/24": 66269,
    "2022/05/25": 82379,
    "2022/05/26": 89361,
    "2022/05/27": 81891,
    "2022/05/28": 94796,
    "2022/05/29": 80636,
    "2022/05/30": 76569
  },
  "32": {
    "id": 810000,
    "name": "香港",
    "2022/05/23": 44,
    "2022/05/24": 36,
    "2022/05/25": 30,
    "2022/05/26": 48,
    "2022/05/27": 67,
    "2022/05/28": 46,
    "2022/05/29": 30,
    "2022/05/30": 37
  },
  "33": {
    "id": 820000,
    "name": "澳门",
    "2022/05/23": 0,
    "2022/05/24": 0,
    "2022/05/25": 0,
    "2022/05/26": 0,
    "2022/05/27": 1,
    "2022/05/28": 0,
    "2022/05/29": 0,
    "2022/05/30": 0
  }
}
